Jav_sn,Jav_time,image_urls
NSPS-946, 130分鐘,https://pics.javcdn.pw/cover/7yfw_b.jpg
NSPS-947, 96分鐘,https://pics.javcdn.pw/cover/7yfv_b.jpg
NSPS-949, 250分鐘,https://pics.javcdn.pw/cover/7yft_b.jpg
STARS-304, 139分鐘,https://pics.javcdn.pw/cover/7zdj_b.jpg
AVSA-145, 118分鐘,https://pics.javcdn.pw/cover/7yff_b.jpg
ONSG-029, 126分鐘,https://pics.javcdn.pw/cover/7yf6_b.jpg
XVSR-564, 120分鐘,https://pics.javcdn.pw/cover/7yf4_b.jpg
BKD-247, 123分鐘,https://pics.javcdn.pw/cover/7uq6_b.jpg
MBRBM-007, 69分鐘,https://pics.javcdn.pw/cover/7xz6_b.jpg
BKD-248, 123分鐘,https://pics.javcdn.pw/cover/7vsa_b.jpg
MBRAQ-022, 83分鐘,https://pics.javcdn.pw/cover/7yn9_b.jpg
MKCK-269, 460分鐘,https://pics.javcdn.pw/cover/7xse_b.jpg
AVSA-146, 107分鐘,https://pics.javcdn.pw/cover/7yfe_b.jpg
NIKM-050, 240分鐘,https://pics.javcdn.pw/cover/7yqn_b.jpg
NSPS-948, 261分鐘,https://pics.javcdn.pw/cover/7yfu_b.jpg
XVSR-563, 110分鐘,https://pics.javcdn.pw/cover/7yf5_b.jpg
KSBJ-105, 121分鐘,https://pics.javcdn.pw/cover/7y7a_b.jpg
JYMA-004, 120分鐘,https://pics.javcdn.pw/cover/7y7e_b.jpg
MSFH-038, 130分鐘,https://pics.javcdn.pw/cover/7zdr_b.jpg
KMHRS-033, 127分鐘,https://pics.javcdn.pw/cover/7zdq_b.jpg
LZDQ-020, 170分鐘,https://pics.javcdn.pw/cover/7y5f_b.jpg
GMEM-018, 119分鐘,https://pics.javcdn.pw/cover/7yfz_b.jpg
SDDE-636, 130分鐘,https://pics.javcdn.pw/cover/7zdo_b.jpg
FCH-067, 204分鐘,https://pics.javcdn.pw/cover/7yxl_b.jpg
SDAB-154, 140分鐘,https://pics.javcdn.pw/cover/7zdp_b.jpg
ARM-925, 125分鐘,https://pics.javcdn.pw/cover/7yik_b.jpg
STARS-302, 136分鐘,https://pics.javcdn.pw/cover/7zdl_b.jpg
SDMM-078, 142分鐘,https://pics.javcdn.pw/cover/7zdm_b.jpg
SDJS-097, 490分鐘,https://pics.javcdn.pw/cover/7zdn_b.jpg
STARS-303, 223分鐘,https://pics.javcdn.pw/cover/7zdk_b.jpg
